age,sex,cp,trestbps,chol,fbs,restecg,thalach,exang,oldpeak,slope,ca,thal
35,1,1,122,192,0,0,174,0,0.0,1,0.0,3.0
42,1,3,130,180,0,0,150,0,0.0,1,0.0,3.0
43,1,4,115,303,0,0,181,0,1.2,2,0.0,3.0
46,1,4,140,311,0,0,120,1,1.8,2,2.0,7.0
50,0,3,120,219,0,0,158,0,1.6,2,0.0,3.0
55,0,4,180,327,0,1,117,1,3.4,2,0.0,3.0
57,1,4,165,289,1,2,124,0,1.0,2,3.0,7.0
58,0,4,130,197,0,0,131,0,0.6,2,0.0,3.0
65,1,4,110,248,0,2,158,0,0.6,1,2.0,6.0
67,0,3,115,564,0,2,160,0,1.6,2,0.0,7.0
